{"cameraMode":{"drawMode":0,"name":"Shaded","section":"Shading Mode"},"sceneLighting":true,"audioPlay":false,"sceneViewState":{"m_AlwaysRefresh":false,"showFog":true,"showSkybox":true,"showFlares":true,"showImageEffects":true,"showParticleSystems":true,"showVisualEffectGraphs":true,"m_FxEnabled":true},"in2DMode":false,"pivot":{"x":0.008198022842407227,"y":1.4996670484542847,"z":-4.1446428298950199},"rotation":{"x":-0.0025976256001740696,"y":-0.9958199262619019,"z":0.08685486018657685,"w":-0.029485801234841348},"size":2.142165422439575,"orthographic":false}